name,lat,lon,kind,district
Aksaray,41.014417,28.953952,aq_station,
Alibeyköy,41.057384,28.946119,aq_station,
Arnavutköy,41.220921,28.707561,aq_station,
Avcılar,40.98727,28.730426,aq_station,
Bağcılar,41.032752,28.842946,aq_station,
Beylikdüzü,40.971651,28.61277,aq_station,
Beşiktaş,41.052013,29.009401,aq_station,
Büyükada,40.852148,29.118047,aq_station,
D-100,40.993367,29.070213,aq_station,
Esenler,41.036871,28.888071,aq_station,
Kadıköy,40.990817,29.033376,aq_station,
Kandilli 1,41.062481,29.058245,aq_station,
Kartal,40.911043,29.183055,aq_station,
Kağıthane 1,41.078507,28.970788,aq_station,
Kumköy,41.250437,29.038287,aq_station,
Maslak,41.100072,29.024512,aq_station,
Mobil,41.057945,28.945424,aq_station,
Sancaktepe,41.00323,29.225945,aq_station,
Sarıyer,41.127926,29.048491,aq_station,
Selimiye,41.003765,29.027002,aq_station,
Sultangazi 1,41.109144,28.894343,aq_station,
Sultangazi 2,41.107739,28.874376,aq_station,
Sultangazi 3,41.114416,28.851942,aq_station,
Tuzla,40.843122,29.302622,aq_station,
Yenibosna,40.997387,28.827032,aq_station,
Çatladıkapı,41.002339,28.975121,aq_station,
Ümraniye 1,41.012691,29.161813,aq_station,
Üsküdar 1,41.014262,29.02469,aq_station,
Arnavutköy,41.1838,28.7396,district,Arnavutköy
Avcılar,40.9712,28.7185,district,Avcılar
Bahçelievler,41.006125,28.846375,district,Bahçelievler
Bakırköy,40.984133,28.855867,district,Bakırköy
Bağcılar,41.03848,28.84701,district,Bağcılar
Başakşehir,41.0719,28.6901,district,Başakşehir
Beyoğlu,41.0227,28.9723,district,Beyoğlu
Beşiktaş,41.0741,29.022267,district,Beşiktaş
Büyükçekmece,41.023,28.6209,district,Büyükçekmece
Eyüp,41.08116,28.94432,district,Eyüp
Fatih,41.01435,28.94845,district,Fatih
Kağıthane,41.0836,29.0081,district,Kağıthane
Sarıyer,41.136,29.0262,district,Sarıyer
Ümraniye,41.0246,29.0915,district,Ümraniye
Üsküdar,41.0157,29.0574,district,Üsküdar
Şişli,41.0567,28.98905,district,Şişli
Ataşehir,40.992,29.127,landmark,Ataşehir
Bakırköy Çarşı,40.98,28.872,landmark,Bakırköy
Bebek,41.077,29.043,landmark,Beşiktaş
Beşiktaş İskele,41.0422,29.0053,landmark,Beşiktaş
Eminönü,41.0175,28.9707,landmark,Fatih
Galata Kulesi,41.0256,28.9744,landmark,Beyoğlu
Kadıköy İskele,40.9908,29.0233,landmark,Kadıköy
Levent,41.082,29.01,landmark,Beşiktaş
Maslak,41.11,29.02,landmark,Sarıyer
Moda,40.981,29.026,landmark,Kadıköy
Nişantaşı,41.048,28.994,landmark,Şişli
Ortaköy,41.0475,29.027,landmark,Beşiktaş
Sultanahmet,41.0055,28.9769,landmark,Fatih
Taksim Meydanı,41.037,28.985,landmark,Beyoğlu
Üsküdar İskele,41.0256,29.0152,landmark,Üsküdar
15 Temmuz,41.036864,28.814156,metro_station,
29 Ekim Cumhuriyet,41.006215,28.818603,metro_station,
4.Levent,41.086008,29.00709,metro_station,
50.Yıl-Baştabya,41.08781,28.866925,metro_station,
Acıbadem,41.002332,29.044498,metro_station,
Aksaray,41.012028,28.948063,metro_station,
Akıncılar,41.017337,28.871031,metro_station,
Ali Fuat Başgil,41.068493,28.895601,metro_station,
Alibeyköy,41.07917,28.94936,metro_station,
Alibeyköy Cep Otogarı,41.086915,28.943988,metro_station,
Alibeyköy Merkez,41.07381,28.946063,metro_station,
Alibeyköy Metro,41.07848,28.949459,metro_station,
Altunizade,41.022569,29.045163,metro_station,
Altınşehir,41.016829,29.138625,metro_station,
Altıyol,40.984465,29.023221,metro_station,
Ataköy,40.979916,28.856218,metro_station,
Ataköy-Şirinevler,40.99135,28.846082,metro_station,
Atatürk Havalimanı,40.979543,28.821124,metro_station,
Atatürk Mahallesi,41.052885,28.798646,metro_station,
Atatürk Oto Sanayi,41.118257,29.02419,metro_station,
Ayrılık Çeşmesi,41.000204,29.030153,metro_station,
Ayvansaray,41.039607,28.943916,metro_station,
Ayşekadın,40.96673,29.086858,metro_station,
Aşiyan,41.081574,29.054224,metro_station,
Bahariye,40.983932,29.024892,metro_station,
Bahçelievler,40.995353,28.863066,metro_station,
Bakırköy Sahil,40.973809,28.86809,metro_station,
Bakırköy-İncirli,40.996612,28.8754,metro_station,
Balat,41.034098,28.948012,metro_station,
Bayrampaşa-Maltepe,41.034098,28.920239,metro_station,
Bağcılar,41.033086,28.860647,metro_station,
Bağcılar Meydan,41.034516,28.856171,metro_station,
Bağlarbaşı,41.021486,29.035391,metro_station,
Başak Konutları,41.097671,28.791282,metro_station,
Başakşehir-Metrokent,41.10759,28.801477,metro_station,
Beyazıt-Kapalıçarşı,41.009069,28.966694,metro_station,
Bosna Çukurçeşme,41.061832,28.902093,metro_station,
Bostancı,40.964838,29.104602,metro_station,
Boğaziçi Ü.-Hisarüstü,41.085278,29.045519,metro_station,
Boğaziçi Ü./Hisarüstü,41.084867,29.051021,metro_station,
Bulgurlu,41.016382,29.076132,metro_station,
Cebeci,41.111922,28.857807,metro_station,
Cevizlibağ-AÖY,41.015956,28.911574,metro_station,
Cibali,41.024336,28.960265,metro_station,
Cumhuriyet Mahallesi,41.083749,28.872359,metro_station,
DTM-İstanbul Fuar Merkezi,40.986646,28.82855,metro_station,
Damga Sokak,40.989273,29.020977,metro_station,
Darüşşafaka,41.129582,29.025124,metro_station,
Davutpaşa-YTÜ,41.020639,28.900142,metro_station,
Demirkapı,41.036988,28.923367,metro_station,
Doğu Sanayi,41.014893,28.817986,metro_station,
Dudullu,41.01544,29.162446,metro_station,
Edirnekapı,41.031441,28.933971,metro_station,
Emin Ali Paşa,40.960549,29.09385,metro_station,
Eminönü,41.017477,28.97321,metro_station,
Emniyet-Fatih,41.017612,28.939596,metro_station,
Esenkent,40.920594,29.166298,metro_station,
Esenler,41.037682,28.888422,metro_station,
Etiler,41.082395,29.037593,metro_station,
Eyüp,41.050543,28.933913,metro_station,
Eyüpsultan Devlet Hastanesi,41.056765,28.941212,metro_station,
Eyüpsultan Teleferik,41.050482,28.935202,metro_station,
Fener,41.028663,28.954462,metro_station,
Feshane,41.045456,28.937978,metro_station,
Fetihkapı,41.021825,28.925334,metro_station,
Fevzi Çakmak-Hastane,40.888914,29.262378,metro_station,
Fulya,41.061954,29.007236,metro_station,
Fındıklı-Mimar Sinan Ü.,41.031455,28.989438,metro_station,
Fındıkzade,41.011706,28.940656,metro_station,
Fıstıkağacı,41.028174,29.02855,metro_station,
Gayrettepe,41.069001,29.01092,metro_station,
Giyimkent-Tekstilkent,41.0713,28.86688,metro_station,
Göztepe,40.993928,29.070446,metro_station,
Göztepe Mahallesi,41.056399,28.849969,metro_station,
Gülhane,41.012165,28.978421,metro_station,
Gülsuyu,40.923893,29.156547,metro_station,
Güneştepe,41.028995,28.86095,metro_station,
Güngören,41.01521,28.877509,metro_station,
Hacı Şükrü,41.092909,28.864003,metro_station,
Hacıosman,41.139775,29.030432,metro_station,
Haliç,41.022437,28.966418,metro_station,
Halkalı Caddesi,41.045527,28.80634,metro_station,
Haseki,41.01071,28.944293,metro_station,
Hastane-Adliye,40.916312,29.178431,metro_station,
Haznedar,41.006429,28.870526,metro_station,
Huzur,41.022499,29.159453,metro_station,
Huzurevi,40.929964,29.146945,metro_station,
Ihlamurkuyu,41.019394,29.131283,metro_station,
Kabataş,41.033875,28.992235,metro_station,
Kadıköy,40.990664,29.022008,metro_station,
Kadıköy İDO,40.989941,29.022135,metro_station,
Karadeniz,41.075299,28.882236,metro_station,
Karadeniz Mahallesi,41.081599,28.87542,metro_station,
Karaköy,41.022117,28.974684,metro_station,
Kartal,40.906818,29.211026,metro_station,
Kayaşehir Merkez,41.120064,28.766643,metro_station,
Kayışdağı,40.985521,29.137286,metro_station,
Kazım Karabekir,41.08546,28.90855,metro_station,
Kağıthane,41.07997,28.97225,metro_station,
Kilise,40.98411,29.026652,metro_station,
Kiptaş-Venezia,41.079857,28.875993,metro_station,
Kirazlı-Bağcılar,41.032296,28.842769,metro_station,
Kocatepe,41.048493,28.895386,metro_station,
Kozyatağı,40.974853,29.09933,metro_station,
Kurtköy,40.91062,29.297057,metro_station,
Küçükbakkalköy,40.979133,29.112,metro_station,
Küçükpazar,41.021107,28.963076,metro_station,
Küçükyalı,40.948482,29.123706,metro_station,
Kısıklı,41.022238,29.06259,metro_station,
Laleli-İstanbul Ü.,41.009587,28.959787,metro_station,
Levent,41.076773,29.013688,metro_station,
MASKO,41.064346,28.804145,metro_station,
MODOKO-KEYAP,41.007617,29.162183,metro_station,
Mahmutbey,41.054845,28.830524,metro_station,
Maltepe,40.936494,29.136815,metro_station,
Maçka,41.044651,28.993625,metro_station,
Mecidiyeköy,41.066141,28.99458,metro_station,
Meclis,41.009734,29.198827,metro_station,
Mehmet Akif,41.005802,28.881677,metro_station,
Menderes,41.042759,28.878488,metro_station,
Merkezefendi,41.010392,28.909501,metro_station,
Merter,41.007646,28.896177,metro_station,
Merter Tekstil Merkezi,41.011559,28.880755,metro_station,
Mescid-i Selam,41.116218,28.851229,metro_station,
Mevlana,40.992367,29.153559,metro_station,
Mimar Sinan,41.025085,28.816549,metro_station,
Mithatpaşa,41.003493,28.901456,metro_station,
Moda,40.987932,29.028593,metro_station,
Moda İlkokulu,40.986078,29.027885,metro_station,
Molla Gürani,41.025511,28.848113,metro_station,
Mühürdar,40.991075,29.025428,metro_station,
Necip Fazıl,41.016209,29.179294,metro_station,
Nispetiye,41.077692,29.022356,metro_station,
Nurtepe,41.07964,28.962949,metro_station,
Olimpiyat,41.079786,28.768494,metro_station,
Onurkent,41.11351,28.790348,metro_station,
Oruç Reis,41.063381,28.855441,metro_station,
Osmanbey,41.052955,28.987375,metro_station,
Otogar,41.040144,28.89456,metro_station,
Parseller,41.031879,29.152689,metro_station,
Pazartekke,41.018266,28.927153,metro_station,
Pendik,40.888386,29.238169,metro_station,
Piyer Loti,41.054193,28.932742,metro_station,
Rami,41.046518,28.915598,metro_station,
Rızapaşa,40.99003,29.029066,metro_station,
Sabiha Gökçen Havalimanı,40.905974,29.310554,metro_station,
Samandıra Merkez,40.983898,29.231411,metro_station,
Sanayi Mahallesi,41.094324,29.005338,metro_station,
Sancaktepe,40.991337,29.229255,metro_station,
Sancaktepe Şehir Hastanesi,41.002272,29.216815,metro_station,
Sarıgazi,41.010311,29.212121,metro_station,
Sağmalcılar,41.040854,28.907235,metro_station,
Seyitnizam-Akşemsettin,41.004215,28.907513,metro_station,
Seyrantepe,41.100906,28.997775,metro_station,
Silahtarağa Mahallesi,41.064775,28.942874,metro_station,
Sirkeci,41.015181,28.97589,metro_station,
Siteler,41.088203,28.79651,metro_station,
Soğanlı,41.020969,28.86708,metro_station,
Soğanlık,40.912789,29.19284,metro_station,
Sultanahmet,41.008089,28.975583,metro_station,
Sultançiftliği,41.106132,28.860645,metro_station,
Taksim,41.038496,28.985783,metro_station,
Tavşantepe,40.882256,29.248573,metro_station,
Taşköprü,41.072658,28.887648,metro_station,
Taşkışla,41.043678,28.990343,metro_station,
Terazidere,41.030332,28.897952,metro_station,
Tophane,41.026992,28.980863,metro_station,
Topkapı,41.01923,28.919447,metro_station,
Topkapı-Ulubatlı,41.024025,28.930503,metro_station,
Toplu Konutlar,41.107604,28.767883,metro_station,
Topçular,41.041546,28.919608,metro_station,
Turgut Özal,41.081185,28.797405,metro_station,
Uluyol Bereç,41.054138,28.910246,metro_station,
Vatan,41.025695,28.929356,metro_station,
Veysel Karani-Akşemsettin,41.07969,28.929559,metro_station,
Vezneciler-İstanbul Ü.,41.011475,28.960705,metro_station,
Yakacık-Adnan Kahveci,40.89673,29.22696,metro_station,
Yamanevler,41.02436,29.108933,metro_station,
Yavuzselim,41.023822,28.863652,metro_station,
Yayalar-Şeyhli,40.904155,29.275929,metro_station,
Yenibosna,40.989315,28.836704,metro_station,
Yenikapı,41.005597,28.951331,metro_station,
Yenimahalle,41.040357,28.835938,metro_station,
Yenisahra,40.984973,29.090125,metro_station,
Yeşilpınar,41.07999,28.93527,metro_station,
Yusufpaşa,41.009999,28.947117,metro_station,
Yıldız,41.055457,29.009803,metro_station,
Yıldıztepe,41.019775,28.856717,metro_station,
Zeytinburnu,41.001701,28.889652,metro_station,
Ziya Gökalp Mahallesi,41.074687,28.786425,metro_station,
Çakmak,41.021652,29.118317,metro_station,
Çapa-Şehremini,41.015883,28.932027,metro_station,
Çarşı,41.025899,29.097186,metro_station,
Çağlayan,41.07124,28.979791,metro_station,
Çekmeköy,41.014566,29.189448,metro_station,
Çemberlitaş,41.008437,28.971126,metro_station,
Çobançeşme,40.999713,28.822589,metro_station,
Çırçır Mahallesi,41.07985,28.93762,metro_station,
Özgürlük Meydanı,40.981848,28.873889,metro_station,
Ümraniye,41.02475,29.084915,metro_station,
Ünalan,40.997887,29.061371,metro_station,
Üniversite,41.069833,28.942865,metro_station,
Üsküdar,41.025618,29.015062,metro_station,
Üçyüzlü,41.036722,28.870634,metro_station,
İMES,40.999952,29.156059,metro_station,
İSTOÇ,41.065,28.825959,metro_station,
İTÜ-Ayazağa,41.108095,29.020795,metro_station,
İkitelli Sanayi,41.072433,28.802329,metro_station,
İlkyuva,41.011753,28.865987,metro_station,
İmam Hatip Lisesi,41.016188,29.152436,metro_station,
İncirli,40.997497,28.875149,metro_station,
İskele Camii,40.987945,29.021009,metro_station,
İçerenköy,40.979123,29.126665,metro_station,
Şehir Hastanesi,41.103457,28.777855,metro_station,
Şehitlik,41.034182,28.928253,metro_station,
Şişhane,41.028298,28.97285,metro_station,
Şişli-Mecidiyeköy,41.064507,28.99267,metro_station,
